SELECT pg_catalog.set_config('search_path', '', false);
INSERT INTO public.addresses (id, number, street_name, postcode, city_name, complement) VALUES (1, NULL, 'Rue de Leupe', '90400', 'Sevenans', NULL);
INSERT INTO public.addresses (id, number, street_name, postcode, city_name, complement) VALUES (2, 4, 'Rue Edouard Branly', '90000', 'Belfort', NULL);
INSERT INTO public.addresses (id, number, street_name, postcode, city_name, complement) VALUES (3, 1, 'Cr Louis Leprince-Ringuet', '25200', 'Montbéliard', NULL);
INSERT INTO public.addresses (id, number, street_name, postcode, city_name, complement) VALUES (4, 1, 'Pl de la Résistance', '90000', 'Belfort', NULL);
INSERT INTO public.addresses (id, number, street_name, postcode, city_name, complement) VALUES (5, 51, 'Avenue d''Alsace', '90160', 'Denney', NULL);
INSERT INTO public.addresses (id, number, street_name, postcode, city_name, complement) VALUES (6, 18, 'Rue du vieux lavoir', '90150', 'Menoncourt', NULL);
INSERT INTO public.centers (id, name, "desc", workday_start, workday_end, range_km, id_address) VALUES (1, 'UTBM Belfort', 'L''UBTM campus de Belfort', '08:00:00', '19:00:00', 20, 2);
INSERT INTO public.users (id, fname, lname, mail, phone, password, token, token_gentime, id_center) VALUES (1, 'Kevin', 'DUPONT', 'kevin.dupont@gmail.com', NULL, NULL, NULL, NULL, 1);
INSERT INTO public.users (id, fname, lname, mail, phone, password, token, token_gentime, id_center) VALUES (2, 'Mamie', 'GATEAU', 'mamie.gateau@gmail.com', NULL, NULL, NULL, NULL, 1);
INSERT INTO public.users (id, fname, lname, mail, phone, password, token, token_gentime, id_center) VALUES (3, 'Kevina', 'DUPOND', 'kevina.dupond@gmail.com', NULL, NULL, NULL, NULL, 1);
INSERT INTO public.nurses (id, minutes_per_week, id_user, id_address) VALUES (2, 1050, 3, 4);
INSERT INTO public.nurses (id, minutes_per_week, id_user, id_address) VALUES (1, 2100, 1, 6);
INSERT INTO public.skills (id, name) VALUES (1, 'Balayer');
INSERT INTO public.skills (id, name) VALUES (2, 'Doucher');
INSERT INTO public.l_nurses_skills (id_nurse, id_skill) VALUES (1, 1);
INSERT INTO public.l_nurses_skills (id_nurse, id_skill) VALUES (1, 2);
INSERT INTO public.l_nurses_skills (id_nurse, id_skill) VALUES (2, 1);
INSERT INTO public.l_nurses_skills (id_nurse, id_skill) VALUES (2, 2);
INSERT INTO public.mission_types (id, name, people_required) VALUES (1, 'Ménage', 1);
INSERT INTO public.mission_types (id, name, people_required) VALUES (2, 'Toilette', 2);
INSERT INTO public.patients (id, id_user, id_address) VALUES (1, 2, 5);
INSERT INTO public.missions (id, "desc", start, "end", recurrence_days, people_required, id_mission_type, id_patient) VALUES (1, 'Il faut simplement faire le ménage', '2023-10-23 09:00:00', '2023-10-23 18:00:00', 7, 1, 1, 1);
INSERT INTO public.missions (id, "desc", start, "end", recurrence_days, people_required, id_mission_type, id_patient) VALUES (2, NULL, '2023-10-27 16:00:00', '2023-10-27 17:00:00', 3, 1, 2, 1);
INSERT INTO public.missions (id, "desc", start, "end", recurrence_days, people_required, id_mission_type, id_patient) VALUES (3, 'Faire la toilette exceptionnellement, mariage le lendemain', '2023-11-10 15:00:00', '2023-11-10 18:00:00', NULL, 2, 2, 1);
INSERT INTO public.visits (id, start, "end", id_mission) VALUES (1, '2023-10-30 09:00:00', '2023-10-30 09:30:00', 1);
INSERT INTO public.visits (id, start, "end", id_mission) VALUES (2, '2023-11-06 09:00:00', '2023-11-06 09:30:00', 1);
INSERT INTO public.visits (id, start, "end", id_mission) VALUES (3, '2023-11-13 10:00:00', '2023-11-13 10:30:00', 1);
INSERT INTO public.visits (id, start, "end", id_mission) VALUES (4, '2023-10-27 16:00:00', '2023-10-27 16:30:00', 2);
INSERT INTO public.visits (id, start, "end", id_mission) VALUES (5, '2023-11-10 15:00:00', '2023-11-10 15:30:00', 3);
INSERT INTO public.visits (id, start, "end", id_mission) VALUES (6, '2023-10-30 16:00:00', '2023-10-30 16:30:00', 2);
INSERT INTO public.visits (id, start, "end", id_mission) VALUES (7, '2023-11-02 16:00:00', '2023-11-02 16:30:00', 2);
INSERT INTO public.l_visits_nurses (id_visit, id_nurse, report) VALUES (1, 1, 'J''ai bien balayé');
INSERT INTO public.l_visits_nurses (id_visit, id_nurse, report) VALUES (2, 1, NULL);
INSERT INTO public.l_visits_nurses (id_visit, id_nurse, report) VALUES (3, 2, NULL);
INSERT INTO public.l_visits_nurses (id_visit, id_nurse, report) VALUES (4, 1, 'Première toilette, RAS');
INSERT INTO public.l_visits_nurses (id_visit, id_nurse, report) VALUES (5, 1, 'Kévina a bien fait son travail');
INSERT INTO public.l_visits_nurses (id_visit, id_nurse, report) VALUES (5, 2, NULL);
INSERT INTO public.l_visits_nurses (id_visit, id_nurse, report) VALUES (6, 2, NULL);
INSERT INTO public.l_visits_nurses (id_visit, id_nurse, report) VALUES (7, 2, NULL);
SELECT pg_catalog.setval('public.addresses_id_seq', 6, true);
SELECT pg_catalog.setval('public.centers_id_seq', 1, false);
SELECT pg_catalog.setval('public.managers_id_seq', 1, false);
SELECT pg_catalog.setval('public.mission_types_id_seq', 2, true);
SELECT pg_catalog.setval('public.missions_id_seq', 3, true);
SELECT pg_catalog.setval('public.nurses_id_seq', 2, true);
SELECT pg_catalog.setval('public.patients_id_seq', 1, true);
SELECT pg_catalog.setval('public.skills_id_seq', 2, true);
SELECT pg_catalog.setval('public.users_id_seq', 3, true);
SELECT pg_catalog.setval('public.visits_id_seq', 7, true);
