SELECT pg_catalog.set_config('search_path', '', false);
INSERT INTO public.centers (id, name, "desc", workday_start, workday_end) VALUES (1, 'UTBM Belfort', 'L''UBTM campus de Belfort', '08:00:00', '19:00:00');
INSERT INTO public.centers (id, name, "desc", workday_start, workday_end) VALUES (2, 'UTBM Sevenans', 'L''UTBM campus de Sevenans', '08:00:00', '19:00:00');
INSERT INTO public.zones (id, name, id_center) VALUES (1, 'Quartier 1', 1);
INSERT INTO public.addresses (id, number, street_name, postcode, city_name, complement, id_zone) VALUES (1, 1, 'Pl de la Résistance', '90000', 'Belfort', NULL, 1);
INSERT INTO public.addresses (id, number, street_name, postcode, city_name, complement, id_zone) VALUES (2, 51, 'Avenue d''Alsace', '90160', 'Denney', NULL, 1);
INSERT INTO public.addresses (id, number, street_name, postcode, city_name, complement, id_zone) VALUES (3, 18, 'Rue du vieux lavoir', '90150', 'Menoncourt', NULL, 1);
INSERT INTO public.users (id, fname, lname, mail, phone, password) VALUES (2, 'Mamie', 'GATEAU', 'mamie.gateau@gmail.com', NULL, NULL);
INSERT INTO public.users (id, fname, lname, mail, phone, password) VALUES (1, 'Kevin', 'DUPONT', 'kevin.dupont@gmail.com', NULL, '$2a$06$m/syfPcfnXTtWN/Y0aaCJuK5Co9dg6QEod37xDsEaC8n6Yy4GhIni');
INSERT INTO public.users (id, fname, lname, mail, phone, password) VALUES (3, 'Kevina', 'DUPOND', 'kevina.dupond@gmail.com', NULL, '$2a$06$deMB1qiAHcc/cVaXtdyok.HmDVlwdBViPKKRsebd/8WXWAjXiYb4e');
INSERT INTO public.users (id, fname, lname, mail, phone, password) VALUES (4, 'Aristide', 'PATRON', 'aristide.patron@gmail.com', NULL, '$2a$06$E4O50eUimU/oZ5x2i7oY3OMX9zJA1H70etYl/UGct0eDw0WJ1VG12');
INSERT INTO public.nurses (id, minutes_per_week, id_user, id_address) VALUES (2, 1050, 3, 1);
INSERT INTO public.nurses (id, minutes_per_week, id_user, id_address) VALUES (1, 2100, 1, 3);
INSERT INTO public.mission_types (id, name, people_required, minutes_duration) VALUES (1, 'Ménage', 1, 30);
INSERT INTO public.mission_types (id, name, people_required, minutes_duration) VALUES (2, 'Toilette', 2, 60);
INSERT INTO public.mission_types (id, name, people_required, minutes_duration) VALUES (3, 'Déjeuner', 1, 30);
INSERT INTO public.skills (id, name) VALUES (1, 'Balayer');
INSERT INTO public.skills (id, name) VALUES (2, 'Doucher');
INSERT INTO public.skills (id, name) VALUES (3, 'Cuisine');
INSERT INTO public.l_missions_skills (id_mission_type, id_skill, preferred) VALUES (1, 1, false);
INSERT INTO public.l_missions_skills (id_mission_type, id_skill, preferred) VALUES (2, 2, false);
INSERT INTO public.l_nurses_skills (id_nurse, id_skill) VALUES (1, 1);
INSERT INTO public.l_nurses_skills (id_nurse, id_skill) VALUES (1, 2);
INSERT INTO public.l_nurses_skills (id_nurse, id_skill) VALUES (2, 1);
INSERT INTO public.l_nurses_skills (id_nurse, id_skill) VALUES (2, 2);
INSERT INTO public.patients (id, id_user, id_address) VALUES (1, 2, 2);
INSERT INTO public.missions (id, "desc", start, "end", recurrence_days, people_required, minutes_duration, archived, id_mission_type, id_patient) VALUES (1, 'Il faut simplement faire le ménage', '2023-10-23 09:00:00', '2023-10-23 18:00:00', 7, 1, 30, false, 1, 1);
INSERT INTO public.missions (id, "desc", start, "end", recurrence_days, people_required, minutes_duration, archived, id_mission_type, id_patient) VALUES (2, NULL, '2023-10-27 16:00:00', '2023-10-27 17:00:00', 3, 1, 60, false, 2, 1);
INSERT INTO public.missions (id, "desc", start, "end", recurrence_days, people_required, minutes_duration, archived, id_mission_type, id_patient) VALUES (3, 'Faire la toilette exceptionnellement, mariage le lendemain', '2023-11-10 15:00:00', '2023-11-10 18:00:00', NULL, 2, 90, false, 2, 1);
INSERT INTO public.visits (id, start, "end", id_mission) VALUES (1, '2023-10-30 09:00:00', '2023-10-30 09:30:00', 1);
INSERT INTO public.visits (id, start, "end", id_mission) VALUES (2, '2023-11-06 09:00:00', '2023-11-06 09:30:00', 1);
INSERT INTO public.visits (id, start, "end", id_mission) VALUES (3, '2023-11-13 10:00:00', '2023-11-13 10:30:00', 1);
INSERT INTO public.visits (id, start, "end", id_mission) VALUES (4, '2023-10-27 16:00:00', '2023-10-27 16:30:00', 2);
INSERT INTO public.visits (id, start, "end", id_mission) VALUES (5, '2023-11-10 15:00:00', '2023-11-10 15:30:00', 3);
INSERT INTO public.visits (id, start, "end", id_mission) VALUES (6, '2023-10-30 16:00:00', '2023-10-30 16:30:00', 2);
INSERT INTO public.visits (id, start, "end", id_mission) VALUES (7, '2023-11-02 16:00:00', '2023-11-02 16:30:00', 2);
INSERT INTO public.l_visits_nurses (id_visit, id_nurse, report) VALUES (1, 1, 'J''ai bien balayé');
INSERT INTO public.l_visits_nurses (id_visit, id_nurse, report) VALUES (2, 1, NULL);
INSERT INTO public.l_visits_nurses (id_visit, id_nurse, report) VALUES (3, 2, NULL);
INSERT INTO public.l_visits_nurses (id_visit, id_nurse, report) VALUES (4, 1, 'Première toilette, RAS');
INSERT INTO public.l_visits_nurses (id_visit, id_nurse, report) VALUES (5, 1, 'Kévina a bien fait son travail');
INSERT INTO public.l_visits_nurses (id_visit, id_nurse, report) VALUES (5, 2, NULL);
INSERT INTO public.l_visits_nurses (id_visit, id_nurse, report) VALUES (6, 2, NULL);
INSERT INTO public.l_visits_nurses (id_visit, id_nurse, report) VALUES (7, 2, NULL);
INSERT INTO public.managers (id, id_user, id_center) VALUES (1, 4, 1);
SELECT pg_catalog.setval('public.addresses_id_seq', 3, true);
SELECT pg_catalog.setval('public.availabilities_id_seq', 1, false);
SELECT pg_catalog.setval('public.centers_id_seq', 2, true);
SELECT pg_catalog.setval('public.managers_id_seq', 1, true);
SELECT pg_catalog.setval('public.mission_types_id_seq', 3, true);
SELECT pg_catalog.setval('public.missions_id_seq', 3, true);
SELECT pg_catalog.setval('public.nurses_id_seq', 2, true);
SELECT pg_catalog.setval('public.patients_id_seq', 1, true);
SELECT pg_catalog.setval('public.skills_id_seq', 3, true);
SELECT pg_catalog.setval('public.users_id_seq', 4, true);
SELECT pg_catalog.setval('public.visits_id_seq', 7, true);
SELECT pg_catalog.setval('public.zones_id_seq', 1, false);
